<?xml version="1.0" encoding="UTF-8"?>
<!-- Generated by JClic - https://projectestac.github.io/jclic -->
<manifest identifier="JClic-CF8F0A" version="1.0" xmlns="http://www.imsproject.org/xsd/imscp_rootv1p1p2" xmlns:adlcp="http://www.adlnet.org/xsd/adlcp_rootv1p2" xmlns:xsi="http://www.w3.org/2001/XMLSchema-instance" xsi:schemaLocation= "http://www.imsproject.org/xsd/imscp_rootv1p1p2 imscp_rootv1p1p2.xsd http://www.imsglobal.org/xsd/imsmd_rootv1p2p1 imsmd_rootv1p2p1.xsd http://www.adlnet.org/xsd/adlcp_rootv1p2 adlcp_rootv1p2.xsd">
 <metadata> 
  <schema>ADL SCORM</schema>
  <schemaversion>1.2</schemaversion>
 </metadata> 
 <organizations default="JClic">  
  <organization identifier="JClic">  
   <title>Proyecto JClic actividades</title>
   <item identifier="ITEM_JClic-CF8F0A" identifierref="RES_JClic-CF8F0A">
    <title>Proyecto JClic actividades</title>
   </item>
  </organization>
 </organizations>
 <resources>
  <resource identifier="RES_JClic-CF8F0A" type="webcontent" href="/index.html" adlcp:scormtype="sco"> 
   <file href="35436321-14f6-4cde-b255-b1ca46a10df8-resized.jpg"/>
   <file href="Jclic actividades.jclic"/>
   <file href="Jclic actividades.jclic.js"/>
   <file href="channels4_profile-resized-proyecto_jclic.jpg"/>
   <file href="channels4_profile-resized.jpg"/>
   <file href="chuchuwa-proyecto_jclic.jpg"/>
   <file href="chuchuwa.jpg"/>
   <file href="favicon.ico"/>
   <file href="gallina-resized-proyecto_jclic.jpg"/>
   <file href="gallina-resized.jpg"/>
   <file href="icon-192.png"/>
   <file href="icon-72.png"/>
   <file href="images-proyecto_jclic.png"/>
   <file href="images.png"/>
   <file href="imsmanifest.xml"/>
   <file href="index.html"/>
   <file href="project-cover.jpg"/>
   <file href="project-thumb.jpg"/>
   <file href="project.json"/>
   <file href="proyecto_jclic.jclic"/>
   <file href="proyecto_jclic.jclic.js"/>
   <file href="si-resized-proyecto_jclic.jpg"/>
   <file href="si-resized.jpg"/>
   <file href="unnamed-proyecto_jclic.png"/>
   <file href="unnamed.png"/>
   <file href="vacalola-proyecto_jclic.jpg"/>
   <file href="vacalola.jpg"/>
  </resource>
 </resources>
</manifest>